X,Y,DATEEND,TIMESTART,TIMEEND,ADDRESS,CODE_DEFINED,latitude,longitude,CRIME_WEIGHT
-8479620.05618786,5322321.931704,2023/08/24 00:00:00+00,1341,1341,1 DESTINY USA DR,LARCENY,43.06779339999999,-76.1738371,1405
-8479620.05618786,5322321.931704,2023/08/24 00:00:00+00,1730,1730,1 DESTINY USA DR,LARCENY,43.06779339999999,-76.1738371,1405
-8479620.05618786,5322321.931704,2023/11/29 00:00:00+00,1530,1536,1 DESTINY USA DR,LARCENY,43.06779339999999,-76.1738371,1405
-8479620.05618786,5322321.931704,2023/07/25 00:00:00+00,1959,2030,1 DESTINY USA DR,LARCENY,43.06779339999999,-76.1738371,1405
-8479620.05618786,5322321.931704,2023/08/17 00:00:00+00,0003,3,1 DESTINY USA DR,BURGLARY,43.06779339999999,-76.1738371,1405
-8479620.05618786,5322321.931704,2023/12/01 00:00:00+00,1150,1150,1 DESTINY USA DR,LARCENY,43.06779339999999,-76.1738371,1405
-8479620.05618786,5322321.931704,2023/08/18 00:00:00+00,1525,1540,1 DESTINY USA DR,LARCENY,43.06779339999999,-76.1738371,1405
-8479620.05618786,5322321.931704,2023/08/18 00:00:00+00,1930,1930,1 DESTINY USA DR,LARCENY,43.06779339999999,-76.1738371,1405
-8479620.05618786,5322321.931704,2023/08/16 00:00:00+00,2050,2050,1 DESTINY USA DR,BURGLARY,43.06779339999999,-76.1738371,1405
-8479620.05618786,5322321.931704,2023/08/22 00:00:00+00,2014,2014,1 DESTINY USA DR,BURGLARY,43.06779339999999,-76.1738371,1405
-8479620.05618786,5322321.931704,2023/04/24 00:00:00+00,1451,1451,1 DESTINY USA DR,LARCENY,43.06779339999999,-76.1738371,1405
-8479620.05618786,5322321.931704,2023/11/06 00:00:00+00,1435,1435,1 DESTINY USA DR,LARCENY,43.06779339999999,-76.1738371,1405
-8479620.05618786,5322321.931704,2023/04/14 00:00:00+00,1617,1618,1 DESTINY USA DR,LARCENY,43.06779339999999,-76.1738371,1405
-8479620.05618786,5322321.931704,2023/05/05 00:00:00+00,1220,1220,1 DESTINY USA DR,BURGLARY,43.06779339999999,-76.1738371,1405
-8479620.05618786,5322321.931704,2023/04/23 00:00:00+00,1800,1830,1 DESTINY USA DR,LARCENY,43.06779339999999,-76.1738371,1405
-8479620.05618786,5322321.931704,2023/11/29 00:00:00+00,1334,1334,1 DESTINY USA DR,BURGLARY,43.06779339999999,-76.1738371,1405
-8479620.05618786,5322321.931704,2023/04/16 00:00:00+00,1528,1528,1 DESTINY USA DR,LARCENY,43.06779339999999,-76.1738371,1405
-8479620.05618786,5322321.931704,2023/05/01 00:00:00+00,1500,1517,1 DESTINY USA DR,LARCENY,43.06779339999999,-76.1738371,1405
-8479620.05618786,5322321.931704,2023/08/19 00:00:00+00,1415,1415,1 DESTINY USA DR,LARCENY,43.06779339999999,-76.1738371,1405
-8479620.05618786,5322321.931704,2023/08/22 00:00:00+00,1300,1300,1 DESTINY USA DR,LARCENY,43.06779339999999,-76.1738371,1405
-8479620.05618786,5322321.931704,2023/08/25 00:00:00+00,1930,2000,1 DESTINY USA DR,LARCENY,43.06779339999999,-76.1738371,1405
-8479620.05618786,5322321.931704,2023/08/24 00:00:00+00,1901,1901,1 DESTINY USA DR,BURGLARY,43.06779339999999,-76.1738371,1405
-8479620.05618786,5322321.931704,2023/11/05 00:00:00+00,0313,1500,1 DESTINY USA DR,BURGLARY,43.06779339999999,-76.1738371,1405
-8479620.05618786,5322321.931704,2023/12/02 00:00:00+00,1635,1635,1 DESTINY USA DR,LARCENY,43.06779339999999,-76.1738371,1405
-8479620.05618786,5322321.931704,2023/04/20 00:00:00+00,2005,2010,1 DESTINY USA DR,LARCENY,43.06779339999999,-76.1738371,1405
-8479620.05618786,5322321.931704,2023/08/25 00:00:00+00,1646,1700,1 DESTINY USA DR,LARCENY,43.06779339999999,-76.1738371,1405
-8479620.05618786,5322321.931704,2023/11/06 00:00:00+00,1620,1620,1 DESTINY USA DR,LARCENY,43.06779339999999,-76.1738371,1405
-8479620.05618786,5322321.931704,2023/11/06 00:00:00+00,1242,1242,1 DESTINY USA DR,LARCENY,43.06779339999999,-76.1738371,1405
-8479620.05618786,5322321.931704,2023/04/28 00:00:00+00,1927,1927,1 DESTINY USA DR,LARCENY,43.06779339999999,-76.1738371,1405
-8479620.05618786,5322321.931704,2023/08/19 00:00:00+00,1700,1700,1 DESTINY USA DR,BURGLARY,43.06779339999999,-76.1738371,1405
-8479620.05618786,5322321.931704,2023/08/20 00:00:00+00,1520,1520,1 DESTINY USA DR,LARCENY,43.06779339999999,-76.1738371,1405
-8479620.05618786,5322321.931704,2023/12/01 00:00:00+00,1845,1900,1 DESTINY USA DR,LARCENY,43.06779339999999,-76.1738371,1405
-8479620.05618786,5322321.931704,2023/08/04 00:00:00+00,1351,1351,1 DESTINY USA DR,BURGLARY,43.06779339999999,-76.1738371,1405
-8479620.05618786,5322321.931704,2023/06/19 00:00:00+00,1649,1649,1 DESTINY USA DR,LARCENY,43.06779339999999,-76.1738371,1405
-8479620.05618786,5322321.931704,2023/11/06 00:00:00+00,1929,1929,1 DESTINY USA DR,LARCENY,43.06779339999999,-76.1738371,1405
-8479620.05618786,5322321.931704,2023/11/14 00:00:00+00,1246,1246,1 DESTINY USA DR,LARCENY,43.06779339999999,-76.1738371,1405
-8479620.05618786,5322321.931704,2023/06/15 00:00:00+00,1424,1424,1 DESTINY USA DR,LARCENY,43.06779339999999,-76.1738371,1405
-8479620.05618786,5322321.931704,2023/11/14 00:00:00+00,1440,1445,1 DESTINY USA DR,LARCENY,43.06779339999999,-76.1738371,1405
-8479620.05618786,5322321.931704,2023/11/14 00:00:00+00,1544,1544,1 DESTINY USA DR,LARCENY,43.06779339999999,-76.1738371,1405
-8479620.05618786,5322321.931704,2023/07/22 00:00:00+00,1300,1329,1 DESTINY USA DR,LARCENY,43.06779339999999,-76.1738371,1405
-8479620.05618786,5322321.931704,2023/07/26 00:00:00+00,1926,2000,1 DESTINY USA DR,LARCENY,43.06779339999999,-76.1738371,1405
-8479620.05618786,5322321.931704,2023/07/23 00:00:00+00,1421,1421,1 DESTINY USA DR,LARCENY,43.06779339999999,-76.1738371,1405
-8479620.05618786,5322321.931704,2023/11/22 00:00:00+00,1800,1815,1 DESTINY USA DR,LARCENY,43.06779339999999,-76.1738371,1405
-8479620.05618786,5322321.931704,2023/11/13 00:00:00+00,1836,1836,1 DESTINY USA DR,LARCENY,43.06779339999999,-76.1738371,1405
-8479620.05618786,5322321.931704,2023/06/10 00:00:00+00,1300,1300,1 DESTINY USA DR,LARCENY,43.06779339999999,-76.1738371,1405
-8479620.05618786,5322321.931704,2023/07/08 00:00:00+00,1850,1850,1 DESTINY USA DR,LARCENY,43.06779339999999,-76.1738371,1405
-8479620.05618786,5322321.931704,2023/06/10 00:00:00+00,1250,1250,1 DESTINY USA DR,LARCENY,43.06779339999999,-76.1738371,1405
-8479620.05618786,5322321.931704,2023/07/03 00:00:00+00,1345,1345,1 DESTINY USA DR,BURGLARY,43.06779339999999,-76.1738371,1405
-8479620.05618786,5322321.931704,2023/11/17 00:00:00+00,1817,1817,1 DESTINY USA DR,LARCENY,43.06779339999999,-76.1738371,1405
-8479620.05618786,5322321.931704,2023/01/12 00:00:00+00,1415,1415,1 DESTINY USA DR,LARCENY,43.06779339999999,-76.1738371,1405
-8479620.05618786,5322321.931704,2023/10/30 00:00:00+00,1525,1525,1 DESTINY USA DR,LARCENY,43.06779339999999,-76.1738371,1405
-8479620.05618786,5322321.931704,2023/01/12 00:00:00+00,1512,1512,1 DESTINY USA DR,LARCENY,43.06779339999999,-76.1738371,1405
-8479620.05618786,5322321.931704,2023/01/13 00:00:00+00,1314,1314,1 DESTINY USA DR,BURGLARY,43.06779339999999,-76.1738371,1405
-8479620.05618786,5322321.931704,2023/09/12 00:00:00+00,1557,1557,1 DESTINY USA DR,LARCENY,43.06779339999999,-76.1738371,1405
-8479620.05618786,5322321.931704,2023/09/17 00:00:00+00,1523,1523,1 DESTINY USA DR,LARCENY,43.06779339999999,-76.1738371,1405
-8479620.05618786,5322321.931704,2023/01/30 00:00:00+00,1233,1233,1 DESTINY USA DR,LARCENY,43.06779339999999,-76.1738371,1405
-8479620.05618786,5322321.931704,2023/01/27 00:00:00+00,1835,1835,1 DESTINY USA DR,LARCENY,43.06779339999999,-76.1738371,1405
-8479620.05618786,5322321.931704,2023/03/27 00:00:00+00,1322,1322,1 DESTINY USA DR,LARCENY,43.06779339999999,-76.1738371,1405
-8479620.05618786,5322321.931704,2023/10/20 00:00:00+00,1803,1803,1 DESTINY USA DR,LARCENY,43.06779339999999,-76.1738371,1405
-8479620.05618786,5322321.931704,2023/11/22 00:00:00+00,1607,1607,1 DESTINY USA DR,LARCENY,43.06779339999999,-76.1738371,1405
-8479620.05618786,5322321.931704,2023/11/22 00:00:00+00,1426,1426,1 DESTINY USA DR,LARCENY,43.06779339999999,-76.1738371,1405
-8479620.05618786,5322321.931704,2023/11/21 00:00:00+00,1606,1608,1 DESTINY USA DR,LARCENY,43.06779339999999,-76.1738371,1405
-8479620.05618786,5322321.931704,2023/07/25 00:00:00+00,1918,1930,1 DESTINY USA DR,LARCENY,43.06779339999999,-76.1738371,1405
-8479620.05618786,5322321.931704,2023/01/26 00:00:00+00,1445,1445,1 DESTINY USA DR,LARCENY,43.06779339999999,-76.1738371,1405
-8479620.05618786,5322321.931704,2023/10/20 00:00:00+00,1522,1522,1 DESTINY USA DR,LARCENY,43.06779339999999,-76.1738371,1405
-8479620.05618786,5322321.931704,2023/11/19 00:00:00+00,1756,1756,1 DESTINY USA DR,BURGLARY,43.06779339999999,-76.1738371,1405
-8479620.05618786,5322321.931704,2023/02/20 00:00:00+00,1835,1835,1 DESTINY USA DR,LARCENY,43.06779339999999,-76.1738371,1405
-8479620.05618786,5322321.931704,2023/08/31 00:00:00+00,1825,1825,1 DESTINY USA DR,LARCENY,43.06779339999999,-76.1738371,1405
-8479620.05618786,5322321.931704,2023/10/20 00:00:00+00,1207,1207,1 DESTINY USA DR,BURGLARY,43.06779339999999,-76.1738371,1405
-8479620.05618786,5322321.931704,2023/11/15 00:00:00+00,1353,1353,1 DESTINY USA DR,LARCENY,43.06779339999999,-76.1738371,1405
-8479620.05618786,5322321.931704,2023/01/27 00:00:00+00,1721,1721,1 DESTINY USA DR,BURGLARY,43.06779339999999,-76.1738371,1405
-8479620.05618786,5322321.931704,2023/01/03 00:00:00+00,1651,1651,1 DESTINY USA DR,LARCENY,43.06779339999999,-76.1738371,1405
-8479620.05618786,5322321.931704,2023/09/02 00:00:00+00,1430,1439,1 DESTINY USA DR,LARCENY,43.06779339999999,-76.1738371,1405
-8479620.05618786,5322321.931704,2023/11/18 00:00:00+00,1855,1855,1 DESTINY USA DR,LARCENY,43.06779339999999,-76.1738371,1405
-8479620.05618786,5322321.931704,2023/10/09 00:00:00+00,1755,1755,1 DESTINY USA DR,LARCENY,43.06779339999999,-76.1738371,1405
-8479620.05618786,5322321.931704,2023/03/30 00:00:00+00,1635,1635,1 DESTINY USA DR,LARCENY,43.06779339999999,-76.1738371,1405
-8479620.05618786,5322321.931704,2023/11/18 00:00:00+00,1730,1730,1 DESTINY USA DR,LARCENY,43.06779339999999,-76.1738371,1405
-8479620.05618786,5322321.931704,2023/09/18 00:00:00+00,1608,1608,1 DESTINY USA DR,LARCENY,43.06779339999999,-76.1738371,1405
-8479620.05618786,5322321.931704,2023/10/12 00:00:00+00,1329,1329,1 DESTINY USA DR,LARCENY,43.06779339999999,-76.1738371,1405
-8479620.05618786,5322321.931704,2023/03/01 00:00:00+00,1842,1842,1 DESTINY USA DR,LARCENY,43.06779339999999,-76.1738371,1405
-8479620.05618786,5322321.931704,2023/09/19 00:00:00+00,1234,1234,1 DESTINY USA DR,LARCENY,43.06779339999999,-76.1738371,1405
-8479620.05618786,5322321.931704,2023/03/01 00:00:00+00,1539,1539,1 DESTINY USA DR,LARCENY,43.06779339999999,-76.1738371,1405
-8479620.05618786,5322321.931704,2023/03/01 00:00:00+00,1521,1521,1 DESTINY USA DR,LARCENY,43.06779339999999,-76.1738371,1405
-8479620.05618786,5322321.931704,2023/12/10 00:00:00+00,1610,1610,1 DESTINY USA DR,LARCENY,43.06779339999999,-76.1738371,1405
-8479620.05618786,5322321.931704,2023/01/20 00:00:00+00,1652,1652,1 DESTINY USA DR,LARCENY,43.06779339999999,-76.1738371,1405
-8479620.05618786,5322321.931704,2023/09/19 00:00:00+00,1815,1815,1 DESTINY USA DR,LARCENY,43.06779339999999,-76.1738371,1405
-8479620.05618786,5322321.931704,2023/01/20 00:00:00+00,1653,1653,1 DESTINY USA DR,LARCENY,43.06779339999999,-76.1738371,1405
-8479620.05618786,5322321.931704,2023/02/28 00:00:00+00,1116,1116,1 DESTINY USA DR,LARCENY,43.06779339999999,-76.1738371,1405
-8479620.05618786,5322321.931704,2023/02/26 00:00:00+00,1144,1144,1 DESTINY USA DR,LARCENY,43.06779339999999,-76.1738371,1405
-8479620.05618786,5322321.931704,2023/10/11 00:00:00+00,1452,1452,1 DESTINY USA DR,LARCENY,43.06779339999999,-76.1738371,1405
-8479620.05618786,5322321.931704,2023/01/27 00:00:00+00,1835,1835,1 DESTINY USA DR,LARCENY,43.06779339999999,-76.1738371,1405
-8479620.05618786,5322321.931704,2023/12/10 00:00:00+00,1723,1723,1 DESTINY USA DR,LARCENY,43.06779339999999,-76.1738371,1405
-8479620.05618786,5322321.931704,2023/10/02 00:00:00+00,1228,1228,1 DESTINY USA DR,LARCENY,43.06779339999999,-76.1738371,1405
-8479620.05618786,5322321.931704,2023/10/07 00:00:00+00,1433,1433,1 DESTINY USA DR,LARCENY,43.06779339999999,-76.1738371,1405
-8479620.05618786,5322321.931704,2023/02/10 00:00:00+00,1729,1729,1 DESTINY USA DR,LARCENY,43.06779339999999,-76.1738371,1405
-8479620.05618786,5322321.931704,2023/02/10 00:00:00+00,1254,1254,1 DESTINY USA DR,LARCENY,43.06779339999999,-76.1738371,1405
-8479620.05618786,5322321.931704,2023/10/02 00:00:00+00,1521,1521,1 DESTINY USA DR,LARCENY,43.06779339999999,-76.1738371,1405
-8479620.05618786,5322321.931704,2023/10/02 00:00:00+00,1647,1647,1 DESTINY USA DR,LARCENY,43.06779339999999,-76.1738371,1405
-8479620.05618786,5322321.931704,2023/10/03 00:00:00+00,1440,1441,1 DESTINY USA DR,LARCENY,43.06779339999999,-76.1738371,1405
-8479620.05618786,5322321.931704,2023/02/04 00:00:00+00,1425,1425,1 DESTINY USA DR,LARCENY,43.06779339999999,-76.1738371,1405
-8479620.05618786,5322321.931704,2023/02/04 00:00:00+00,1736,1736,1 DESTINY USA DR,LARCENY,43.06779339999999,-76.1738371,1405
-8479620.05618786,5322321.931704,2023/02/06 00:00:00+00,1110,1110,1 DESTINY USA DR,BURGLARY,43.06779339999999,-76.1738371,1405
-8479620.05618786,5322321.931704,2023/10/04 00:00:00+00,1301,1301,1 DESTINY USA DR,LARCENY,43.06779339999999,-76.1738371,1405
-8479620.05618786,5322321.931704,2023/02/16 00:00:00+00,1800,1800,1 DESTINY USA DR,LARCENY,43.06779339999999,-76.1738371,1405
-8479620.05618786,5322321.931704,2023/09/25 00:00:00+00,1346,1346,1 DESTINY USA DR,LARCENY,43.06779339999999,-76.1738371,1405
-8479620.05618786,5322321.931704,2023/02/16 00:00:00+00,1035,1035,1 DESTINY USA DR,LARCENY,43.06779339999999,-76.1738371,1405
-8479620.05618786,5322321.931704,2023/10/28 00:00:00+00,1259,1259,1 DESTINY USA DR,LARCENY,43.06779339999999,-76.1738371,1405
-8479620.05618786,5322321.931704,2023/02/01 00:00:00+00,1559,1559,1 DESTINY USA DR,LARCENY,43.06779339999999,-76.1738371,1405
-8479620.05618786,5322321.931704,2023/12/13 00:00:00+00,2029,2029,1 DESTINY USA DR,LARCENY,43.06779339999999,-76.1738371,1405
-8479620.05618786,5322321.931704,2023/09/28 00:00:00+00,1809,1809,1 DESTINY USA DR,LARCENY,43.06779339999999,-76.1738371,1405
-8479620.05618786,5322321.931704,2023/11/18 00:00:00+00,1817,1424,1 DESTINY USA DR,BURGLARY,43.06779339999999,-76.1738371,1405
-8479620.05618786,5322321.931704,2023/09/03 00:00:00+00,1718,1718,1 DESTINY USA DR,LARCENY,43.06779339999999,-76.1738371,1405
-8479620.05618786,5322321.931704,2023/07/20 00:00:00+00,1830,1830,1 DESTINY USA DR,LARCENY,43.06779339999999,-76.1738371,1405
-8479620.05618786,5322321.931704,2023/10/19 00:00:00+00,1633,1633,1 DESTINY USA DR,LARCENY,43.06779339999999,-76.1738371,1405
-8479620.05618786,5322321.931704,2023/06/26 00:00:00+00,1225,1225,1 DESTINY USA DR,LARCENY,43.06779339999999,-76.1738371,1405
-8479620.05618786,5322321.931704,2023/09/06 00:00:00+00,1218,1218,1 DESTINY USA DR,BURGLARY,43.06779339999999,-76.1738371,1405
-8479620.05618786,5322321.931704,2023/08/07 00:00:00+00,1440,1440,1 DESTINY USA DR,LARCENY,43.06779339999999,-76.1738371,1405
-8479620.05618786,5322321.931704,2023/05/20 00:00:00+00,1637,1637,1 DESTINY USA DR,LARCENY,43.06779339999999,-76.1738371,1405
-8479620.05618786,5322321.931704,2023/01/19 00:00:00+00,1835,1835,1 DESTINY USA DR,LARCENY,43.06779339999999,-76.1738371,1405
-8479620.05618786,5322321.931704,2023/09/02 00:00:00+00,1320,1411,1 DESTINY USA DR,LARCENY,43.06779339999999,-76.1738371,1405
-8479620.05618786,5322321.931704,2023/05/21 00:00:00+00,1913,1913,1 DESTINY USA DR,LARCENY,43.06779339999999,-76.1738371,1405
-8479620.05618786,5322321.931704,2023/12/04 00:00:00+00,1844,1844,1 DESTINY USA DR,LARCENY,43.06779339999999,-76.1738371,1405
-8479620.05618786,5322321.931704,2023/11/10 00:00:00+00,1326,1600,1 DESTINY USA DR,BURGLARY,43.06779339999999,-76.1738371,1405
-8479620.05618786,5322321.931704,2023/08/04 00:00:00+00,1915,1930,1 DESTINY USA DR,LARCENY,43.06779339999999,-76.1738371,1405
-8479620.05618786,5322321.931704,2023/12/04 00:00:00+00,0900,1500,1 DESTINY USA DR,LARCENY,43.06779339999999,-76.1738371,1405
-8479620.05618786,5322321.931704,2023/04/10 00:00:00+00,1847,1847,1 DESTINY USA DR,LARCENY,43.06779339999999,-76.1738371,1405
-8479620.05618786,5322321.931704,2023/11/22 00:00:00+00,1820,1830,1 DESTINY USA DR,LARCENY,43.06779339999999,-76.1738371,1405
-8479620.05618786,5322321.931704,2023/04/10 00:00:00+00,1545,1545,1 DESTINY USA DR,LARCENY,43.06779339999999,-76.1738371,1405
-8479620.05618786,5322321.931704,2023/08/06 00:00:00+00,1223,1223,1 DESTINY USA DR,LARCENY,43.06779339999999,-76.1738371,1405
-8479620.05618786,5322321.931704,2023/05/10 00:00:00+00,1357,1357,1 DESTINY USA DR,BURGLARY,43.06779339999999,-76.1738371,1405
-8479620.05618786,5322321.931704,2023/10/21 00:00:00+00,1926,1926,1 DESTINY USA DR,LARCENY,43.06779339999999,-76.1738371,1405
-8479620.05618786,5322321.931704,2023/09/07 00:00:00+00,1215,1215,1 DESTINY USA DR,LARCENY,43.06779339999999,-76.1738371,1405
-8479620.05618786,5322321.931704,2023/11/07 00:00:00+00,1700,1700,1 DESTINY USA DR,LARCENY,43.06779339999999,-76.1738371,1405
-8479620.05618786,5322321.931704,2023/05/16 00:00:00+00,1810,1810,1 DESTINY USA DR,BURGLARY,43.06779339999999,-76.1738371,1405
-8479620.05618786,5322321.931704,2023/08/12 00:00:00+00,1505,1547,1 DESTINY USA DR,LARCENY,43.06779339999999,-76.1738371,1405
-8479620.05618786,5322321.931704,2023/07/30 00:00:00+00,1630,1630,1 DESTINY USA DR,LARCENY,43.06779339999999,-76.1738371,1405
-8479620.05618786,5322321.931704,2023/08/04 00:00:00+00,1236,1900,1 DESTINY USA DR,LARCENY,43.06779339999999,-76.1738371,1405
-8479620.05618786,5322321.931704,2023/06/01 00:00:00+00,1043,1043,1 DESTINY USA DR,LARCENY,43.06779339999999,-76.1738371,1405
-8479620.05618786,5322321.931704,2023/07/30 00:00:00+00,1530,1530,1 DESTINY USA DR,LARCENY,43.06779339999999,-76.1738371,1405
-8479620.05618786,5322321.931704,2023/06/05 00:00:00+00,1407,1407,1 DESTINY USA DR,LARCENY,43.06779339999999,-76.1738371,1405
-8479620.05618786,5322321.931704,2023/05/07 00:00:00+00,1135,1147,1 DESTINY USA DR,LARCENY,43.06779339999999,-76.1738371,1405
-8479620.05618786,5322321.931704,2023/06/03 00:00:00+00,1717,1717,1 DESTINY USA DR,LARCENY,43.06779339999999,-76.1738371,1405
-8479620.05618786,5322321.931704,2023/11/11 00:00:00+00,2123,2123,1 DESTINY USA DR,LARCENY,43.06779339999999,-76.1738371,1405
-8479620.05618786,5322321.931704,2023/04/05 00:00:00+00,1639,1639,1 DESTINY USA DR,LARCENY,43.06779339999999,-76.1738371,1405
-8479620.05618786,5322321.931704,2023/08/02 00:00:00+00,1215,1215,1 DESTINY USA DR,LARCENY,43.06779339999999,-76.1738371,1405
-8479620.05618786,5322321.931704,2023/11/25 00:00:00+00,1230,1300,1 DESTINY USA DR,LARCENY,43.06779339999999,-76.1738371,1405
-8479620.05618786,5322321.931704,2023/06/01 00:00:00+00,1828,1828,1 DESTINY USA DR,LARCENY,43.06779339999999,-76.1738371,1405
-8479620.05618786,5322321.931704,2023/05/28 00:00:00+00,1142,1142,1 DESTINY USA DR,BURGLARY,43.06779339999999,-76.1738371,1405
-8479620.05618786,5322321.931704,2023/06/01 00:00:00+00,1630,1630,1 DESTINY USA DR,LARCENY,43.06779339999999,-76.1738371,1405
-8479620.05618786,5322321.931704,2023/07/31 00:00:00+00,1345,1345,1 DESTINY USA DR,LARCENY,43.06779339999999,-76.1738371,1405
-8479620.05618786,5322321.931704,2023/11/24 00:00:00+00,1612,1612,1 DESTINY USA DR,LARCENY,43.06779339999999,-76.1738371,1405
-8479620.05618786,5322321.931704,2023/11/22 00:00:00+00,2015,2015,1 DESTINY USA DR,LARCENY,43.06779339999999,-76.1738371,1405
-8479620.05618786,5322321.931704,2023/11/25 00:00:00+00,1250,1315,1 DESTINY USA DR,LARCENY,43.06779339999999,-76.1738371,1405
-8479620.05618786,5322321.931704,2023/02/23 00:00:00+00,0000,2359,1 DESTINY USA DR,BURGLARY,43.06779339999999,-76.1738371,1405
-8479620.05618786,5322321.931704,2023/02/23 00:00:00+00,1716,1716,1 DESTINY USA DR,LARCENY,43.06779339999999,-76.1738371,1405
-8479620.05618786,5322321.931704,2023/02/23 00:00:00+00,1646,1646,1 DESTINY USA DR,LARCENY,43.06779339999999,-76.1738371,1405
-8479620.05618786,5322321.931704,2023/10/10 00:00:00+00,1800,1800,1 DESTINY USA DR,BURGLARY,43.06779339999999,-76.1738371,1405
-8479620.05618786,5322321.931704,2023/02/21 00:00:00+00,1742,1742,1 DESTINY USA DR,BURGLARY,43.06779339999999,-76.1738371,1405
-8479620.05618786,5322321.931704,2023/08/29 00:00:00+00,1600,1600,1 DESTINY USA DR,LARCENY,43.06779339999999,-76.1738371,1405
-8479620.05618786,5322321.931704,2023/08/28 00:00:00+00,1200,1200,1 DESTINY USA DR,LARCENY,43.06779339999999,-76.1738371,1405
-8479620.05618786,5322321.931704,2023/11/17 00:00:00+00,1310,1310,1 DESTINY USA DR,BURGLARY,43.06779339999999,-76.1738371,1405
-8479620.05618786,5322321.931704,2023/11/04 00:00:00+00,1200,1300,1 DESTINY USA DR,LARCENY,43.06779339999999,-76.1738371,1405
-8479620.05618786,5322321.931704,2023/08/30 00:00:00+00,1100,1100,1 DESTINY USA DR,LARCENY,43.06779339999999,-76.1738371,1405
-8479620.05618786,5322321.931704,2023/08/30 00:00:00+00,1348,1348,1 DESTINY USA DR,LARCENY,43.06779339999999,-76.1738371,1405
-8479620.05618786,5322321.931704,2023/12/06 00:00:00+00,1600,1600,1 DESTINY USA DR,LARCENY,43.06779339999999,-76.1738371,1405
-8479620.05618786,5322321.931704,2023/03/09 00:00:00+00,1550,1550,1 DESTINY USA DR,LARCENY,43.06779339999999,-76.1738371,1405
-8479620.05618786,5322321.931704,2023/09/14 00:00:00+00,1438,1438,1 DESTINY USA DR,LARCENY,43.06779339999999,-76.1738371,1405
-8479620.05618786,5322321.931704,2023/09/15 00:00:00+00,1423,1423,1 DESTINY USA DR,LARCENY,43.06779339999999,-76.1738371,1405
-8479620.05618786,5322321.931704,2023/03/12 00:00:00+00,1605,1800,1 DESTINY USA DR,LARCENY,43.06779339999999,-76.1738371,1405
-8479620.05618786,5322321.931704,2023/12/22 00:00:00+00,1040,1100,1 DESTINY USA DR,LARCENY,43.06779339999999,-76.1738371,1405
-8479620.05618786,5322321.931704,2023/03/04 00:00:00+00,1630,1630,1 DESTINY USA DR,LARCENY,43.06779339999999,-76.1738371,1405
-8479620.05618786,5322321.931704,2023/01/12 00:00:00+00,1510,1510,1 DESTINY USA DR,LARCENY,43.06779339999999,-76.1738371,1405
-8479620.05618786,5322321.931704,2023/03/26 00:00:00+00,1714,1714,1 DESTINY USA DR,LARCENY,43.06779339999999,-76.1738371,1405
-8479620.05618786,5322321.931704,2023/09/07 00:00:00+00,1620,1624,1 DESTINY USA DR,LARCENY,43.06779339999999,-76.1738371,1405
-8479620.05618786,5322321.931704,2023/10/17 00:00:00+00,1434,1434,1 DESTINY USA DR,LARCENY,43.06779339999999,-76.1738371,1405
-8479620.05618786,5322321.931704,2023/10/16 00:00:00+00,1812,1812,1 DESTINY USA DR,LARCENY,43.06779339999999,-76.1738371,1405
-8479620.05618786,5322321.931704,2023/11/02 00:00:00+00,1920,1920,1 DESTINY USA DR,BURGLARY,43.06779339999999,-76.1738371,1405
-8479620.05618786,5322321.931704,2023/09/11 00:00:00+00,1200,1200,1 DESTINY USA DR,LARCENY,43.06779339999999,-76.1738371,1405
-8479620.05618786,5322321.931704,2023/03/22 00:00:00+00,1648,1648,1 DESTINY USA DR,LARCENY,43.06779339999999,-76.1738371,1405
-8479620.05618786,5322321.931704,2023/10/16 00:00:00+00,1215,1215,1 DESTINY USA DR,LARCENY,43.06779339999999,-76.1738371,1405
-8479620.05618786,5322321.931704,2022/06/12 04:00:00+00,1400,1412,1 DESTINY USA DR,OFFN AGAINST FAMILY,43.06779339999999,-76.1738371,1405
-8479620.05618786,5322321.931704,2020/12/23 05:00:00+00,1927,1927,1 DESTINY USA DR,OFFN AGAINST FAMILY,43.06779339999999,-76.1738371,1405
-8479620.05618786,5322321.931704,2023/01/06 05:00:00+00,1342,1342,1 DESTINY USA DR,OFFN AGAINST FAMILY,43.06779339999999,-76.1738371,1405
-8479620.05618786,5322321.931704,2023/01/06 05:00:00+00,1406,1406,1 DESTINY USA DR,OFFN AGAINST FAMILY,43.06779339999999,-76.1738371,1405
-8479620.05618786,5322321.931704,2023/01/08 05:00:00+00,1205,1205,1 DESTINY USA DR,OFFN AGAINST FAMILY,43.06779339999999,-76.1738371,1405
-8479620.05618786,5322321.931704,2023/01/08 05:00:00+00,1434,1434,1 DESTINY USA DR,SIMPLE ASSAULT,43.06779339999999,-76.1738371,1405
-8479620.05618786,5322321.931704,2023/01/08 05:00:00+00,2015,2015,1 DESTINY USA DR,SIMPLE ASSAULT,43.06779339999999,-76.1738371,1405
-8479620.05618786,5322321.931704,2023/01/11 05:00:00+00,930,1005,1 DESTINY USA DR,OFFN AGAINST FAMILY,43.06779339999999,-76.1738371,1405
-8479620.05618786,5322321.931704,2023/01/12 05:00:00+00,1155,1155,1 DESTINY USA DR,SIMPLE ASSAULT,43.06779339999999,-76.1738371,1405
-8479620.05618786,5322321.931704,2023/01/12 05:00:00+00,1624,1624,1 DESTINY USA DR,ALL OTHER OFFENSES,43.06779339999999,-76.1738371,1405
-8479620.05618786,5322321.931704,2023/01/12 05:00:00+00,1843,1843,1 DESTINY USA DR,CRIMINAL MISCHIEF,43.06779339999999,-76.1738371,1405
-8476707.42635038,5319200.73520718,2023/01/23 05:00:00+00,1522,1522,500 S  STATE ST     ,OFFN AGAINST FAMILY,43.047473223074974,-76.1474774344714,748
-8476707.42635038,5319200.73520718,2023/01/24 05:00:00+00,1659,1659,500 S  STATE ST     ,OFFN AGAINST FAMILY,43.047473223074974,-76.1474774344714,748
-8479620.05618786,5322321.931704,2023/03/11 05:00:00+00,747,747,1 DESTINY USA DR,SIMPLE ASSAULT,43.06779339999999,-76.1738371,1405
-8479620.05618786,5322321.931704,2023/03/11 05:00:00+00,1638,1638,1 DESTINY USA DR,OFFN AGAINST FAMILY,43.06779339999999,-76.1738371,1405
-8479620.05618786,5322321.931704,2023/03/11 05:00:00+00,1713,1713,1 DESTINY USA DR,OFFN AGAINST FAMILY,43.06779339999999,-76.1738371,1405
-8476707.42635038,5319200.73520718,2023/01/24 05:00:00+00,1659,1659,500 S  STATE ST     ,OFFN AGAINST FAMILY,43.047473223074974,-76.1474774344714,748
-8476707.42635038,5319200.73520718,2023/01/25 05:00:00+00,1648,1648,500 S  STATE ST     ,OFFN AGAINST FAMILY,43.047473223074974,-76.1474774344714,748
-8479620.05618786,5322321.931704,2023/03/16 04:00:00+00,1611,1611,1 DESTINY USA DR,OFFN AGAINST FAMILY,43.06779339999999,-76.1738371,1405
-8476707.42635038,5319200.73520718,2023/01/25 05:00:00+00,1648,1648,500 S  STATE ST     ,OFFN AGAINST FAMILY,43.047473223074974,-76.1474774344714,748
-8476707.42635038,5319200.73520718,2023/01/25 05:00:00+00,1648,1648,500 S  STATE ST     ,OFFN AGAINST FAMILY,43.047473223074974,-76.1474774344714,748
-8479620.05618786,5322321.931704,2023/03/18 04:00:00+00,1530,1700,1 DESTINY USA DR,SIMPLE ASSAULT,43.06779339999999,-76.1738371,1405
-8479620.05618786,5322321.931704,2023/02/04 05:00:00+00,1457,1457,1 DESTINY USA DR,OFFN AGAINST FAMILY,43.06779339999999,-76.1738371,1405
-8479620.05618786,5322321.931704,2023/02/04 05:00:00+00,1746,1746,1 DESTINY USA DR,OFFN AGAINST FAMILY,43.06779339999999,-76.1738371,1405
-8479620.05618786,5322321.931704,2023/02/23 05:00:00+00,1621,1621,1 DESTINY USA DR,OFFN AGAINST FAMILY,43.06779339999999,-76.1738371,1405
-8479620.05618786,5322321.931704,2023/02/24 05:00:00+00,1612,1612,1 DESTINY USA DR,POSSESSION/USE DANGEROUS WEAPONS,43.06779339999999,-76.1738371,1405
-8476707.42635038,5319200.73520718,2023/01/03 05:00:00+00,1655,1655,500 S  STATE ST     ,OFFN AGAINST FAMILY,43.047473223074974,-76.1474774344714,748
-8476707.42635038,5319200.73520718,2023/01/03 05:00:00+00,1655,1655,500 S  STATE ST     ,OFFN AGAINST FAMILY,43.047473223074974,-76.1474774344714,748
-8476707.42635038,5319200.73520718,2023/01/04 05:00:00+00,1602,1602,500 S  STATE ST     ,ALL OTHER OFFENSES,43.047473223074974,-76.1474774344714,748
-8476707.42635038,5319200.73520718,2023/01/04 05:00:00+00,1925,1925,500 S  STATE ST     ,CRIMINAL MISCHIEF,43.047473223074974,-76.1474774344714,748
-8479620.05618786,5322321.931704,2023/02/06 05:00:00+00,2037,2037,1 DESTINY USA DR,SIMPLE ASSAULT,43.06779339999999,-76.1738371,1405
-8479620.05618786,5322321.931704,2023/02/14 05:00:00+00,1845,2115,1 DESTINY USA DR,CRIMINAL MISCHIEF,43.06779339999999,-76.1738371,1405
-8479620.05618786,5322321.931704,2023/02/14 05:00:00+00,1815,1915,1 DESTINY USA DR,CRIMINAL MISCHIEF,43.06779339999999,-76.1738371,1405
-8479620.05618786,5322321.931704,2023/02/14 05:00:00+00,1815,2005,1 DESTINY USA DR,CRIMINAL MISCHIEF,43.06779339999999,-76.1738371,1405
-8479620.05618786,5322321.931704,2023/02/20 05:00:00+00,1135,1135,1 DESTINY USA DR,SIMPLE ASSAULT,43.06779339999999,-76.1738371,1405
-8476707.42635038,5319200.73520718,2023/02/01 05:00:00+00,1410,1410,500 S  STATE ST     ,OFFN AGAINST FAMILY,43.047473223074974,-76.1474774344714,748
-8476707.42635038,5319200.73520718,2023/02/01 05:00:00+00,1410,1410,500 S  STATE ST     ,OFFN AGAINST FAMILY,43.047473223074974,-76.1474774344714,748
-8476707.42635038,5319200.73520718,2023/02/01 05:00:00+00,1410,1410,500 S  STATE ST     ,OFFN AGAINST FAMILY,43.047473223074974,-76.1474774344714,748
-8476707.42635038,5319200.73520718,2023/02/01 05:00:00+00,1410,1410,500 S  STATE ST     ,OFFN AGAINST FAMILY,43.047473223074974,-76.1474774344714,748
-8476707.42635038,5319200.73520718,2023/02/01 05:00:00+00,1846,1846,500 S  STATE ST     ,FRAUD,43.047473223074974,-76.1474774344714,748
-8479620.05618786,5322321.931704,2023/04/16 04:00:00+00,511,530,1 DESTINY USA DR,CRIMINAL MISCHIEF,43.06779339999999,-76.1738371,1405
-8476707.42635038,5319200.73520718,2023/02/07 05:00:00+00,1500,1600,500 S  STATE ST     ,OFFN AGAINST FAMILY,43.047473223074974,-76.1474774344714,748
-8476707.42635038,5319200.73520718,2023/02/07 05:00:00+00,1716,1716,500 S  STATE ST     ,OFFN AGAINST FAMILY,43.047473223074974,-76.1474774344714,748
-8479620.05618786,5322321.931704,2023/03/19 04:00:00+00,1642,1642,1 DESTINY USA DR,SIMPLE ASSAULT,43.06779339999999,-76.1738371,1405
-8479620.05618786,5322321.931704,2023/03/01 05:00:00+00,1756,1756,1 DESTINY USA DR,OFFN AGAINST FAMILY,43.06779339999999,-76.1738371,1405
-8479620.05618786,5322321.931704,2023/03/20 04:00:00+00,1446,1446,1 DESTINY USA DR,OFFN AGAINST FAMILY,43.06779339999999,-76.1738371,1405
-8479620.05618786,5322321.931704,2023/03/29 04:00:00+00,1303,1303,1 DESTINY USA DR,SIMPLE ASSAULT,43.06779339999999,-76.1738371,1405
-8479620.05618786,5322321.931704,2023/04/01 04:00:00+00,1815,1815,1 DESTINY USA DR,OFFN AGAINST FAMILY,43.06779339999999,-76.1738371,1405
-8479620.05618786,5322321.931704,2023/04/01 04:00:00+00,1645,1645,1 DESTINY USA DR,SIMPLE ASSAULT,43.06779339999999,-76.1738371,1405
-8476707.42635038,5319200.73520718,2023/01/18 05:00:00+00,1557,1557,500 S  STATE ST     ,OFFN AGAINST FAMILY,43.047473223074974,-76.1474774344714,748
-8476707.42635038,5319200.73520718,2023/01/19 05:00:00+00,1425,1425,500 S  STATE ST     ,OFFN AGAINST FAMILY,43.047473223074974,-76.1474774344714,748
-8476707.42635038,5319200.73520718,2023/01/19 05:00:00+00,1425,1425,500 S  STATE ST     ,OFFN AGAINST FAMILY,43.047473223074974,-76.1474774344714,748
-8476707.42635038,5319200.73520718,2023/01/19 05:00:00+00,1330,1439,500 S  STATE ST     ,OFFN AGAINST FAMILY,43.047473223074974,-76.1474774344714,748
-8476707.42635038,5319200.73520718,2023/01/09 05:00:00+00,1630,1630,500 S  STATE ST     ,OFFN AGAINST FAMILY,43.047473223074974,-76.1474774344714,748
-8476707.42635038,5319200.73520718,2023/01/09 05:00:00+00,1630,1630,500 S  STATE ST     ,OFFN AGAINST FAMILY,43.047473223074974,-76.1474774344714,748
-8479620.05618786,5322321.931704,2023/03/04 05:00:00+00,2016,2016,1 DESTINY USA DR,DISORDERLY CONDUCT,43.06779339999999,-76.1738371,1405
-8476707.42635038,5319200.73520718,2023/01/23 05:00:00+00,1522,1522,500 S  STATE ST     ,OFFN AGAINST FAMILY,43.047473223074974,-76.1474774344714,748
-8476707.42635038,5319200.73520718,2023/01/11 05:00:00+00,1644,1644,500 S  STATE ST     ,OFFN AGAINST FAMILY,43.047473223074974,-76.1474774344714,748
-8476707.42635038,5319200.73520718,2023/01/11 05:00:00+00,1644,1644,500 S  STATE ST     ,OFFN AGAINST FAMILY,43.047473223074974,-76.1474774344714,748
-8476707.42635038,5319200.73520718,2023/01/13 05:00:00+00,1130,1130,500 S  STATE ST     ,OFFN AGAINST FAMILY,43.047473223074974,-76.1474774344714,748
-8476707.42635038,5319200.73520718,2023/01/13 05:00:00+00,1131,1131,500 S  STATE ST     ,OFFN AGAINST FAMILY,43.047473223074974,-76.1474774344714,748
-8479620.05618786,5322321.931704,2023/04/10 04:00:00+00,1059,1059,1 DESTINY USA DR,SIMPLE ASSAULT,43.06779339999999,-76.1738371,1405
-8479620.05618786,5322321.931704,2023/04/12 04:00:00+00,1645,1715,1 DESTINY USA DR,OFFN AGAINST FAMILY,43.06779339999999,-76.1738371,1405
-8476707.42635038,5319200.73520718,2023/01/17 05:00:00+00,1031,1031,500 S  STATE ST     ,OFFN AGAINST FAMILY,43.047473223074974,-76.1474774344714,748
-8479620.05618786,5322321.931704,2023/06/02 04:00:00+00,1752,1752,1 DESTINY USA DR,OFFN AGAINST FAMILY,43.06779339999999,-76.1738371,1405
-8476707.42635038,5319200.73520718,2023/02/13 05:00:00+00,1529,1529,500 S  STATE ST     ,OFFN AGAINST FAMILY,43.047473223074974,-76.1474774344714,748
-8476707.42635038,5319200.73520718,2023/02/14 05:00:00+00,1703,1703,500 S  STATE ST     ,OFFN AGAINST FAMILY,43.047473223074974,-76.1474774344714,748
-8476707.42635038,5319200.73520718,2023/02/14 05:00:00+00,1704,1704,500 S  STATE ST     ,OFFN AGAINST FAMILY,43.047473223074974,-76.1474774344714,748
-8476707.42635038,5319200.73520718,2023/02/14 05:00:00+00,1704,1704,500 S  STATE ST     ,OFFN AGAINST FAMILY,43.047473223074974,-76.1474774344714,748
-8476707.42635038,5319200.73520718,2023/02/14 05:00:00+00,1704,1704,500 S  STATE ST     ,OFFN AGAINST FAMILY,43.047473223074974,-76.1474774344714,748
-8479620.05618786,5322321.931704,2023/05/20 04:00:00+00,1200,1200,1 DESTINY USA DR,OFFN AGAINST FAMILY,43.06779339999999,-76.1738371,1405
-8479620.05618786,5322321.931704,2023/05/28 04:00:00+00,1922,1947,1 DESTINY USA DR,OFFN AGAINST FAMILY,43.06779339999999,-76.1738371,1405
-8479620.05618786,5322321.931704,2023/06/09 04:00:00+00,1524,1524,1 DESTINY USA DR,OFFN AGAINST FAMILY,43.06779339999999,-76.1738371,1405
-8476707.42635038,5319200.73520718,2023/02/28 05:00:00+00,1645,1645,500 S  STATE ST     ,OFFN AGAINST FAMILY,43.047473223074974,-76.1474774344714,748
-8476707.42635038,5319200.73520718,2023/02/28 05:00:00+00,1500,1600,500 S  STATE ST     ,OFFN AGAINST FAMILY,43.047473223074974,-76.1474774344714,748
-8476707.42635038,5319200.73520718,2023/02/28 05:00:00+00,1646,1646,500 S  STATE ST     ,OFFN AGAINST FAMILY,43.047473223074974,-76.1474774344714,748
-8476707.42635038,5319200.73520718,2023/03/01 05:00:00+00,1619,1619,500 S  STATE ST     ,OFFN AGAINST FAMILY,43.047473223074974,-76.1474774344714,748
-8476707.42635038,5319200.73520718,2023/03/01 05:00:00+00,1620,1620,500 S  STATE ST     ,OFFN AGAINST FAMILY,43.047473223074974,-76.1474774344714,748
-8479620.05618786,5322321.931704,2023/04/29 04:00:00+00,1600,1730,1 DESTINY USA DR,CRIMINAL MISCHIEF,43.06779339999999,-76.1738371,1405
-8476707.42635038,5319200.73520718,2023/02/07 05:00:00+00,1716,1716,500 S  STATE ST     ,OFFN AGAINST FAMILY,43.047473223074974,-76.1474774344714,748
-8479620.05618786,5322321.931704,2023/05/10 04:00:00+00,1836,1836,1 DESTINY USA DR,SIMPLE ASSAULT,43.06779339999999,-76.1738371,1405
-8479620.05618786,5322321.931704,2023/05/12 04:00:00+00,1202,1202,1 DESTINY USA DR,OFFN AGAINST FAMILY,43.06779339999999,-76.1738371,1405
-8476707.42635038,5319200.73520718,2023/03/06 05:00:00+00,1702,1702,500 S  STATE ST     ,OFFN AGAINST FAMILY,43.047473223074974,-76.1474774344714,748
-8476707.42635038,5319200.73520718,2023/03/06 05:00:00+00,1702,1702,500 S  STATE ST     ,OFFN AGAINST FAMILY,43.047473223074974,-76.1474774344714,748
-8476707.42635038,5319200.73520718,2023/03/06 05:00:00+00,1702,1702,500 S  STATE ST     ,OFFN AGAINST FAMILY,43.047473223074974,-76.1474774344714,748
-8476707.42635038,5319200.73520718,2023/03/08 05:00:00+00,932,932,500 S  STATE ST     ,SIMPLE ASSAULT,43.047473223074974,-76.1474774344714,748
-8476707.42635038,5319200.73520718,2023/03/08 05:00:00+00,1505,1505,500 S  STATE ST     ,OFFN AGAINST FAMILY,43.047473223074974,-76.1474774344714,748
-8476707.42635038,5319200.73520718,2023/02/07 05:00:00+00,1716,1716,500 S  STATE ST     ,OFFN AGAINST FAMILY,43.047473223074974,-76.1474774344714,748
-8479620.05618786,5322321.931704,2023/04/19 04:00:00+00,1530,1600,1 DESTINY USA DR,OFFN AGAINST FAMILY,43.06779339999999,-76.1738371,1405
-8479620.05618786,5322321.931704,2023/04/19 04:00:00+00,1900,2000,1 DESTINY USA DR,SIMPLE ASSAULT,43.06779339999999,-76.1738371,1405
-8476707.42635038,5319200.73520718,2023/02/09 05:00:00+00,1511,1511,500 S  STATE ST     ,OFFN AGAINST FAMILY,43.047473223074974,-76.1474774344714,748
-8476707.42635038,5319200.73520718,2023/02/09 05:00:00+00,1511,1511,500 S  STATE ST     ,OFFN AGAINST FAMILY,43.047473223074974,-76.1474774344714,748
-8479620.05618786,5322321.931704,2023/04/21 04:00:00+00,1753,1800,1 DESTINY USA DR,OFFN AGAINST FAMILY,43.06779339999999,-76.1738371,1405
-8479620.05618786,5322321.931704,2023/04/22 04:00:00+00,1930,2000,1 DESTINY USA DR,OFFN AGAINST FAMILY,43.06779339999999,-76.1738371,1405
-8479620.05618786,5322321.931704,2023/04/23 04:00:00+00,1700,717,1 DESTINY USA DR,CRIMINAL MISCHIEF,43.06779339999999,-76.1738371,1405
-8479620.05618786,5322321.931704,2023/06/27 04:00:00+00,1300,1300,1 DESTINY USA DR,OFFN AGAINST FAMILY,43.06779339999999,-76.1738371,1405
-8476707.42635038,5319200.73520718,2023/03/22 04:00:00+00,1500,1630,500 S  STATE ST     ,OFFN AGAINST FAMILY,43.047473223074974,-76.1474774344714,748
-8479620.05618786,5322321.931704,2023/06/29 04:00:00+00,1705,1705,1 DESTINY USA DR,SIMPLE ASSAULT,43.06779339999999,-76.1738371,1405
-8476707.42635038,5319200.73520718,2023/03/22 04:00:00+00,1500,1630,500 S  STATE ST     ,OFFN AGAINST FAMILY,43.047473223074974,-76.1474774344714,748
-8479620.05618786,5322321.931704,2023/07/01 04:00:00+00,1715,1715,1 DESTINY USA DR,POSSESSION/USE DANGEROUS WEAPONS,43.06779339999999,-76.1738371,1405
-8476707.42635038,5319200.73520718,2023/03/22 04:00:00+00,1500,1630,500 S  STATE ST     ,OFFN AGAINST FAMILY,43.047473223074974,-76.1474774344714,748
-8479620.05618786,5322321.931704,2023/07/02 04:00:00+00,1853,1853,1 DESTINY USA DR,OFFN AGAINST FAMILY,43.06779339999999,-76.1738371,1405
-8476707.42635038,5319200.73520718,2023/03/24 04:00:00+00,0,0,500 S  STATE ST     ,FRAUD,43.047473223074974,-76.1474774344714,748
-8476707.42635038,5319200.73520718,2023/04/11 04:00:00+00,1530,1530,500 S  STATE ST     ,SIMPLE ASSAULT,43.047473223074974,-76.1474774344714,748
-8476707.42635038,5319200.73520718,2023/04/11 04:00:00+00,1500,1600,500 S  STATE ST     ,OFFN AGAINST FAMILY,43.047473223074974,-76.1474774344714,748
-8476707.42635038,5319200.73520718,2023/04/11 04:00:00+00,1500,1600,500 S  STATE ST     ,OFFN AGAINST FAMILY,43.047473223074974,-76.1474774344714,748
-8479620.05618786,5322321.931704,2023/08/12 04:00:00+00,1600,1600,1 DESTINY USA DR,OFFN AGAINST FAMILY,43.06779339999999,-76.1738371,1405
-8479620.05618786,5322321.931704,2023/08/24 04:00:00+00,545,545,1 DESTINY USA DR,OFFN AGAINST FAMILY,43.06779339999999,-76.1738371,1405
-8479620.05618786,5322321.931704,2023/07/30 04:00:00+00,2310,714,1 DESTINY USA DR,CRIMINAL MISCHIEF,43.06779339999999,-76.1738371,1405
-8479620.05618786,5322321.931704,2023/08/24 04:00:00+00,1748,1748,1 DESTINY USA DR,POSSESSION/USE DRUG,43.06779339999999,-76.1738371,1405
-8479620.05618786,5322321.931704,2023/08/02 04:00:00+00,1618,1618,1 DESTINY USA DR,OFFN AGAINST FAMILY,43.06779339999999,-76.1738371,1405
-8479620.05618786,5322321.931704,2023/07/30 04:00:00+00,1330,1600,1 DESTINY USA DR,CRIMINAL MISCHIEF,43.06779339999999,-76.1738371,1405
-8476707.42635038,5319200.73520718,2023/04/22 04:00:00+00,716,716,500 S  STATE ST     ,OFFN AGAINST FAMILY,43.047473223074974,-76.1474774344714,748
-8479620.05618786,5322321.931704,2023/07/19 04:00:00+00,1644,1644,1 DESTINY USA DR,OFFN AGAINST FAMILY,43.06779339999999,-76.1738371,1405
-8479620.05618786,5322321.931704,2023/08/14 04:00:00+00,1338,1338,1 DESTINY USA DR,CRIMINAL MISCHIEF,43.06779339999999,-76.1738371,1405
-8479620.05618786,5322321.931704,2023/07/20 04:00:00+00,1400,1500,1 DESTINY USA DR,OFFN AGAINST FAMILY,43.06779339999999,-76.1738371,1405
-8476707.42635038,5319200.73520718,2023/04/30 04:00:00+00,1808,1808,500 S  STATE ST     ,SIMPLE ASSAULT,43.047473223074974,-76.1474774344714,748
-8479620.05618786,5322321.931704,2023/08/15 04:00:00+00,1858,1858,1 DESTINY USA DR,SIMPLE ASSAULT,43.06779339999999,-76.1738371,1405
-8479620.05618786,5322321.931704,2023/08/27 04:00:00+00,1700,920,1 DESTINY USA DR,CRIMINAL MISCHIEF,43.06779339999999,-76.1738371,1405
-8479620.05618786,5322321.931704,2023/07/22 04:00:00+00,1209,1209,1 DESTINY USA DR,OFFN AGAINST FAMILY,43.06779339999999,-76.1738371,1405
-8479620.05618786,5322321.931704,2023/08/28 04:00:00+00,1415,1415,1 DESTINY USA DR,OFFN AGAINST FAMILY,43.06779339999999,-76.1738371,1405
-8479620.05618786,5322321.931704,2023/08/06 04:00:00+00,1545,1545,1 DESTINY USA DR,SIMPLE ASSAULT,43.06779339999999,-76.1738371,1405
-8479620.05618786,5322321.931704,2023/08/30 04:00:00+00,1904,1904,1 DESTINY USA DR,OFFN AGAINST FAMILY,43.06779339999999,-76.1738371,1405
-8479620.05618786,5322321.931704,2023/08/18 04:00:00+00,1223,1223,1 DESTINY USA DR,SIMPLE ASSAULT,43.06779339999999,-76.1738371,1405
-8476707.42635038,5319200.73520718,2023/04/03 04:00:00+00,1500,1630,500 S  STATE ST     ,OFFN AGAINST FAMILY,43.047473223074974,-76.1474774344714,748
-8479620.05618786,5322321.931704,2023/07/23 04:00:00+00,1930,240,1 DESTINY USA DR,CRIMINAL MISCHIEF,43.06779339999999,-76.1738371,1405
-8479620.05618786,5322321.931704,2023/08/10 04:00:00+00,2009,2009,1 DESTINY USA DR,SIMPLE ASSAULT,43.06779339999999,-76.1738371,1405
-8479620.05618786,5322321.931704,2023/09/04 04:00:00+00,945,945,1 DESTINY USA DR,OFFN AGAINST FAMILY,43.06779339999999,-76.1738371,1405
-8479620.05618786,5322321.931704,2023/09/04 04:00:00+00,1800,1800,1 DESTINY USA DR,OFFN AGAINST FAMILY,43.06779339999999,-76.1738371,1405
-8479620.05618786,5322321.931704,2023/09/02 04:00:00+00,1930,1930,1 DESTINY USA DR,OFFN AGAINST FAMILY,43.06779339999999,-76.1738371,1405
-8476707.42635038,5319200.73520718,2023/03/28 04:00:00+00,1500,1700,500 S  STATE ST     ,OFFN AGAINST FAMILY,43.047473223074974,-76.1474774344714,748
-8479620.05618786,5322321.931704,2023/08/21 04:00:00+00,2130,2154,1 DESTINY USA DR,CRIMINAL MISCHIEF,43.06779339999999,-76.1738371,1405
-8479620.05618786,5322321.931704,2023/08/21 04:00:00+00,1600,1447,1 DESTINY USA DR,CRIMINAL MISCHIEF,43.06779339999999,-76.1738371,1405
-8476707.42635038,5319200.73520718,2023/05/02 04:00:00+00,1130,1131,500 S  STATE ST     ,POSSESSION/USE DRUG,43.047473223074974,-76.1474774344714,748
-8476707.42635038,5319200.73520718,2023/05/03 04:00:00+00,130,130,500 S  STATE ST     ,ALL OTHER OFFENSES,43.047473223074974,-76.1474774344714,748
-8476707.42635038,5319200.73520718,2023/06/08 04:00:00+00,1500,1600,500 S  STATE ST     ,OFFN AGAINST FAMILY,43.047473223074974,-76.1474774344714,748
-8479620.05618786,5322321.931704,2023/11/05 04:00:00+00,1407,1407,1 DESTINY USA DR,OFFN AGAINST FAMILY,43.06779339999999,-76.1738371,1405
-8479620.05618786,5322321.931704,2023/10/25 04:00:00+00,2000,2000,1 DESTINY USA DR,OFFN AGAINST FAMILY,43.06779339999999,-76.1738371,1405
-8479620.05618786,5322321.931704,2023/11/11 05:00:00+00,1130,1145,1 DESTINY USA DR,OFFN AGAINST FAMILY,43.06779339999999,-76.1738371,1405
-8479620.05618786,5322321.931704,2023/11/13 05:00:00+00,1122,1122,1 DESTINY USA DR,OFFN AGAINST FAMILY,43.06779339999999,-76.1738371,1405
-8476707.42635038,5319200.73520718,2023/05/16 04:00:00+00,2300,2300,500 S  STATE ST     ,CRIMINAL MISCHIEF,43.047473223074974,-76.1474774344714,748
-8476707.42635038,5319200.73520718,2023/05/17 04:00:00+00,57,57,500 S  STATE ST     ,SIMPLE ASSAULT,43.047473223074974,-76.1474774344714,748
-8476707.42635038,5319200.73520718,2023/05/17 04:00:00+00,835,835,500 S  STATE ST     ,POSSESSION/USE DRUG,43.047473223074974,-76.1474774344714,748
-8479620.05618786,5322321.931704,2023/09/13 04:00:00+00,1730,1730,1 DESTINY USA DR,OFFN AGAINST FAMILY,43.06779339999999,-76.1738371,1405
-8479620.05618786,5322321.931704,2023/09/14 04:00:00+00,1700,1700,1 DESTINY USA DR,OFFN AGAINST FAMILY,43.06779339999999,-76.1738371,1405
-8479620.05618786,5322321.931704,2023/09/07 04:00:00+00,1641,1641,1 DESTINY USA DR,POSSESSION/USE DANGEROUS WEAPONS,43.06779339999999,-76.1738371,1405
-8476707.42635038,5319200.73520718,2023/05/10 04:00:00+00,801,801,500 S  STATE ST     ,POSSESSION/USE DRUG,43.047473223074974,-76.1474774344714,748
-8479620.05618786,5322321.931704,2023/10/26 04:00:00+00,1115,1115,1 DESTINY USA DR,OFFN AGAINST FAMILY,43.06779339999999,-76.1738371,1405
-8476707.42635038,5319200.73520718,2023/06/03 04:00:00+00,557,557,500 S  STATE ST     ,POSSESSION/USE DRUG,43.047473223074974,-76.1474774344714,748
-8479620.05618786,5322321.931704,2023/10/16 04:00:00+00,1435,1435,1 DESTINY USA DR,CRIMINAL MISCHIEF,43.06779339999999,-76.1738371,1405
-8479620.05618786,5322321.931704,2023/10/16 04:00:00+00,1800,1830,1 DESTINY USA DR,OFFN AGAINST FAMILY,43.06779339999999,-76.1738371,1405
-8479620.05618786,5322321.931704,2023/09/18 04:00:00+00,1607,1607,1 DESTINY USA DR,STOLEN PROPERTY,43.06779339999999,-76.1738371,1405
-8479620.05618786,5322321.931704,2023/10/27 04:00:00+00,1245,1245,1 DESTINY USA DR,OFFN AGAINST FAMILY,43.06779339999999,-76.1738371,1405
-8479620.05618786,5322321.931704,2023/10/04 04:00:00+00,1400,1400,1 DESTINY USA DR,POSSESSION/USE DRUG,43.06779339999999,-76.1738371,1405
-8479620.05618786,5322321.931704,2023/11/01 04:00:00+00,1337,1337,1 DESTINY USA DR,OFFN AGAINST FAMILY,43.06779339999999,-76.1738371,1405
-8479620.05618786,5322321.931704,2023/11/02 04:00:00+00,1602,1602,1 DESTINY USA DR,OFFN AGAINST FAMILY,43.06779339999999,-76.1738371,1405
-8479620.05618786,5322321.931704,2023/11/02 04:00:00+00,1613,1613,1 DESTINY USA DR,SIMPLE ASSAULT,43.06779339999999,-76.1738371,1405
-8476707.42635038,5319200.73520718,2023/06/07 04:00:00+00,1500,1600,500 S  STATE ST     ,OFFN AGAINST FAMILY,43.047473223074974,-76.1474774344714,748
-8476707.42635038,5319200.73520718,2023/06/07 04:00:00+00,1500,1600,500 S  STATE ST     ,OFFN AGAINST FAMILY,43.047473223074974,-76.1474774344714,748
-8476707.42635038,5319200.73520718,2023/06/08 04:00:00+00,1500,1600,500 S  STATE ST     ,OFFN AGAINST FAMILY,43.047473223074974,-76.1474774344714,748
-8479620.05618786,5322321.931704,2023/10/23 04:00:00+00,1200,1200,1 DESTINY USA DR,OFFN AGAINST FAMILY,43.06779339999999,-76.1738371,1405
-8479620.05618786,5322321.931704,2023/10/23 04:00:00+00,1414,1414,1 DESTINY USA DR,DISORDERLY CONDUCT,43.06779339999999,-76.1738371,1405
-8479620.05618786,5322321.931704,2023/10/24 04:00:00+00,1140,1200,1 DESTINY USA DR,OFFN AGAINST FAMILY,43.06779339999999,-76.1738371,1405
-8479620.05618786,5322321.931704,2023/10/25 04:00:00+00,1143,1143,1 DESTINY USA DR,OFFN AGAINST FAMILY,43.06779339999999,-76.1738371,1405
-8479620.05618786,5322321.931704,2023/09/21 04:00:00+00,1737,1737,1 DESTINY USA DR,SIMPLE ASSAULT,43.06779339999999,-76.1738371,1405
-8479620.05618786,5322321.931704,2023/10/25 04:00:00+00,1350,1350,1 DESTINY USA DR,OFFN AGAINST FAMILY,43.06779339999999,-76.1738371,1405
-8479620.05618786,5322321.931704,2023/10/25 04:00:00+00,1130,1130,1 DESTINY USA DR,OFFN AGAINST FAMILY,43.06779339999999,-76.1738371,1405
-8479620.05618786,5322321.931704,2023/09/22 04:00:00+00,1611,1611,1 DESTINY USA DR,SIMPLE ASSAULT,43.06779339999999,-76.1738371,1405
-8479620.05618786,5322321.931704,2023/10/07 04:00:00+00,1017,1017,1 DESTINY USA DR,SIMPLE ASSAULT,43.06779339999999,-76.1738371,1405
-8479620.05618786,5322321.931704,2023/11/17 05:00:00+00,1013,1013,1 DESTINY USA DR,OFFN AGAINST FAMILY,43.06779339999999,-76.1738371,1405
-8479620.05618786,5322321.931704,2023/11/17 05:00:00+00,1856,1856,1 DESTINY USA DR,OFFN AGAINST FAMILY,43.06779339999999,-76.1738371,1405
-8479620.05618786,5322321.931704,2023/10/28 04:00:00+00,1820,1820,1 DESTINY USA DR,OFFN AGAINST FAMILY,43.06779339999999,-76.1738371,1405
-8476707.42635038,5319200.73520718,2023/05/24 04:00:00+00,917,917,500 S  STATE ST     ,SIMPLE ASSAULT,43.047473223074974,-76.1474774344714,748
-8479620.05618786,5322321.931704,2023/11/18 05:00:00+00,1600,1600,1 DESTINY USA DR,STOLEN PROPERTY,43.06779339999999,-76.1738371,1405
-8479620.05618786,5322321.931704,2023/09/27 04:00:00+00,1310,1310,1 DESTINY USA DR,OFFN AGAINST FAMILY,43.06779339999999,-76.1738371,1405
-8479620.05618786,5322321.931704,2023/10/11 04:00:00+00,1845,1845,1 DESTINY USA DR,OFFN AGAINST FAMILY,43.06779339999999,-76.1738371,1405
-8479620.05618786,5322321.931704,2023/10/11 04:00:00+00,2116,2116,1 DESTINY USA DR,CRIMINAL MISCHIEF,43.06779339999999,-76.1738371,1405
-8476707.42635038,5319200.73520718,2023/06/14 04:00:00+00,1500,1600,500 S  STATE ST     ,OFFN AGAINST FAMILY,43.047473223074974,-76.1474774344714,748
-8479620.05618786,5322321.931704,2023/10/29 04:00:00+00,1229,1229,1 DESTINY USA DR,OFFN AGAINST FAMILY,43.06779339999999,-76.1738371,1405
-8479620.05618786,5322321.931704,2023/11/21 05:00:00+00,1223,1232,1 DESTINY USA DR,OFFN AGAINST FAMILY,43.06779339999999,-76.1738371,1405
-8479620.05618786,5322321.931704,2023/11/21 05:00:00+00,1700,1700,1 DESTINY USA DR,OFFN AGAINST FAMILY,43.06779339999999,-76.1738371,1405
-8476707.42635038,5319200.73520718,2023/06/14 04:00:00+00,1500,1600,500 S  STATE ST     ,OFFN AGAINST FAMILY,43.047473223074974,-76.1474774344714,748
-8479620.05618786,5322321.931704,2023/11/24 05:00:00+00,1429,1450,1 DESTINY USA DR,CRIMINAL MISCHIEF,43.06779339999999,-76.1738371,1405
-8479620.05618786,5322321.931704,2023/11/24 05:00:00+00,1145,1930,1 DESTINY USA DR,CRIMINAL MISCHIEF,43.06779339999999,-76.1738371,1405
-8479620.05618786,5322321.931704,2023/11/25 05:00:00+00,1845,1845,1 DESTINY USA DR,SIMPLE ASSAULT,43.06779339999999,-76.1738371,1405
-8479620.05618786,5322321.931704,2023/11/26 05:00:00+00,1653,1653,1 DESTINY USA DR,OFFN AGAINST FAMILY,43.06779339999999,-76.1738371,1405
-8476707.42635038,5319200.73520718,2023/07/10 04:00:00+00,1500,1600,500 S  STATE ST     ,OFFN AGAINST FAMILY,43.047473223074974,-76.1474774344714,748
-8476707.42635038,5319200.73520718,2023/07/10 04:00:00+00,1500,1600,500 S  STATE ST     ,OFFN AGAINST FAMILY,43.047473223074974,-76.1474774344714,748
-8476707.42635038,5319200.73520718,2023/07/18 04:00:00+00,1500,1600,500 S  STATE ST     ,OFFN AGAINST FAMILY,43.047473223074974,-76.1474774344714,748
-8479620.05618786,5322321.931704,2023/12/08 05:00:00+00,1845,1845,1 DESTINY USA DR,OFFN AGAINST FAMILY,43.06779339999999,-76.1738371,1405
-8476707.42635038,5319200.73520718,2023/08/08 04:00:00+00,1500,1600,500 S  STATE ST     ,OFFN AGAINST FAMILY,43.047473223074974,-76.1474774344714,748
-8476707.42635038,5319200.73520718,2023/08/08 04:00:00+00,1500,1600,500 S  STATE ST     ,OFFN AGAINST FAMILY,43.047473223074974,-76.1474774344714,748
-8476707.42635038,5319200.73520718,2023/08/09 04:00:00+00,1500,1430,500 S  STATE ST     ,OFFN AGAINST FAMILY,43.047473223074974,-76.1474774344714,748
-8476707.42635038,5319200.73520718,2023/08/08 04:00:00+00,1500,1730,500 S  STATE ST     ,OFFN AGAINST FAMILY,43.047473223074974,-76.1474774344714,748
-8479620.05618786,5322321.931704,2023/12/09 05:00:00+00,1300,1300,1 DESTINY USA DR,OFFN AGAINST FAMILY,43.06779339999999,-76.1738371,1405
-8476707.42635038,5319200.73520718,2023/07/14 04:00:00+00,927,927,500 S  STATE ST     ,CRIMINAL MISCHIEF,43.047473223074974,-76.1474774344714,748
-8476707.42635038,5319200.73520718,2023/07/18 04:00:00+00,421,421,500 S  STATE ST     ,SIMPLE ASSAULT,43.047473223074974,-76.1474774344714,748
-8476707.42635038,5319200.73520718,2023/08/01 04:00:00+00,1929,1929,500 S  STATE ST     ,CRIMINAL MISCHIEF,43.047473223074974,-76.1474774344714,748
-8476707.42635038,5319200.73520718,2023/06/24 04:00:00+00,1531,1531,500 S  STATE ST     ,OFFN AGAINST FAMILY,43.047473223074974,-76.1474774344714,748
-8476707.42635038,5319200.73520718,2023/07/27 04:00:00+00,1030,1840,500 S  STATE ST     ,OFFN AGAINST FAMILY,43.047473223074974,-76.1474774344714,748
-8479620.05618786,5322321.931704,2023/12/11 05:00:00+00,1847,1200,1 DESTINY USA DR,OFFN AGAINST FAMILY,43.06779339999999,-76.1738371,1405
-8479620.05618786,5322321.931704,2023/12/26 05:00:00+00,1501,1501,1 DESTINY USA DR,OFFN AGAINST FAMILY,43.06779339999999,-76.1738371,1405
-8476707.42635038,5319200.73520718,2023/07/02 04:00:00+00,1131,1131,500 S  STATE ST     ,POSSESSION/USE DRUG,43.047473223074974,-76.1474774344714,748
-8479620.05618786,5322321.931704,2023/12/27 05:00:00+00,1112,1112,1 DESTINY USA DR,OFFN AGAINST FAMILY,43.06779339999999,-76.1738371,1405
-8479620.05618786,5322321.931704,2023/12/12 05:00:00+00,1832,1832,1 DESTINY USA DR,OFFN AGAINST FAMILY,43.06779339999999,-76.1738371,1405
-8476707.42635038,5319200.73520718,2023/06/21 04:00:00+00,1228,1228,500 S  STATE ST     ,ALL OTHER OFFENSES,43.047473223074974,-76.1474774344714,748
-8479620.05618786,5322321.931704,2023/12/15 05:00:00+00,1529,1529,1 DESTINY USA DR,OFFN AGAINST FAMILY,43.06779339999999,-76.1738371,1405
-8479620.05618786,5322321.931704,2023/12/15 05:00:00+00,1650,1650,1 DESTINY USA DR,OFFN AGAINST FAMILY,43.06779339999999,-76.1738371,1405
-8479620.05618786,5322321.931704,2023/12/15 05:00:00+00,2053,2053,1 DESTINY USA DR,OFFN AGAINST FAMILY,43.06779339999999,-76.1738371,1405
-8479620.05618786,5322321.931704,2023/12/06 05:00:00+00,1817,1029,1 DESTINY USA DR,CRIMINAL MISCHIEF,43.06779339999999,-76.1738371,1405
-8479620.05618786,5322321.931704,2023/12/17 05:00:00+00,618,618,1 DESTINY USA DR,OFFN AGAINST FAMILY,43.06779339999999,-76.1738371,1405
-8476707.42635038,5319200.73520718,2023/06/26 04:00:00+00,1500,1500,500 S  STATE ST     ,OFFN AGAINST FAMILY,43.047473223074974,-76.1474774344714,748
-8476707.42635038,5319200.73520718,2023/07/30 04:00:00+00,1448,1448,500 S  STATE ST     ,KIDNAPPING,43.047473223074974,-76.1474774344714,748
-8476707.42635038,5319200.73520718,2023/08/15 04:00:00+00,1120,1120,500 S  STATE ST     ,POSSESSION/USE DRUG,43.047473223074974,-76.1474774344714,748
-8476707.42635038,5319200.73520718,2023/09/18 04:00:00+00,1835,1835,500 S  STATE ST     ,DISORDERLY CONDUCT,43.047473223074974,-76.1474774344714,748
-8476707.42635038,5319200.73520718,2023/09/23 04:00:00+00,1400,630,500 S  STATE ST     ,CRIMINAL MISCHIEF,43.047473223074974,-76.1474774344714,748
-8476707.42635038,5319200.73520718,2023/09/24 04:00:00+00,1449,1449,500 S  STATE ST     ,POSSESSION/USE DRUG,43.047473223074974,-76.1474774344714,748
-8476707.42635038,5319200.73520718,2023/09/25 04:00:00+00,1500,1000,500 S  STATE ST     ,OFFN AGAINST FAMILY,43.047473223074974,-76.1474774344714,748
-8476707.42635038,5319200.73520718,2023/10/06 04:00:00+00,1500,1600,500 S  STATE ST     ,OFFN AGAINST FAMILY,43.047473223074974,-76.1474774344714,748
-8476707.42635038,5319200.73520718,2023/10/06 04:00:00+00,1500,1600,500 S  STATE ST     ,OFFN AGAINST FAMILY,43.047473223074974,-76.1474774344714,748
-8476707.42635038,5319200.73520718,2023/08/22 04:00:00+00,1500,1900,500 S  STATE ST     ,OFFN AGAINST FAMILY,43.047473223074974,-76.1474774344714,748
-8476707.42635038,5319200.73520718,2023/09/12 04:00:00+00,1500,1700,500 S  STATE ST     ,OFFN AGAINST FAMILY,43.047473223074974,-76.1474774344714,748
-8476707.42635038,5319200.73520718,2023/09/12 04:00:00+00,1500,1700,500 S  STATE ST     ,OFFN AGAINST FAMILY,43.047473223074974,-76.1474774344714,748
-8476707.42635038,5319200.73520718,2023/09/13 04:00:00+00,804,804,500 S  STATE ST     ,SIMPLE ASSAULT,43.047473223074974,-76.1474774344714,748
-8476707.42635038,5319200.73520718,2023/08/30 04:00:00+00,1629,1629,500 S  STATE ST     ,POSSESSION/USE DRUG,43.047473223074974,-76.1474774344714,748
-8476707.42635038,5319200.73520718,2023/10/04 04:00:00+00,1500,1600,500 S  STATE ST     ,OFFN AGAINST FAMILY,43.047473223074974,-76.1474774344714,748
-8476707.42635038,5319200.73520718,2023/10/04 04:00:00+00,1557,1557,500 S  STATE ST     ,SIMPLE ASSAULT,43.047473223074974,-76.1474774344714,748
-8476707.42635038,5319200.73520718,2023/10/05 04:00:00+00,1500,1600,500 S  STATE ST     ,OFFN AGAINST FAMILY,43.047473223074974,-76.1474774344714,748
-8476707.42635038,5319200.73520718,2023/10/27 04:00:00+00,1535,1535,500 S  STATE ST     ,SIMPLE ASSAULT,43.047473223074974,-76.1474774344714,748
-8476707.42635038,5319200.73520718,2023/10/27 04:00:00+00,1500,1600,500 S  STATE ST     ,OFFN AGAINST FAMILY,43.047473223074974,-76.1474774344714,748
-8476707.42635038,5319200.73520718,2023/10/27 04:00:00+00,1500,1500,500 S  STATE ST     ,OFFN AGAINST FAMILY,43.047473223074974,-76.1474774344714,748
-8476707.42635038,5319200.73520718,2023/10/27 04:00:00+00,1500,1600,500 S  STATE ST     ,OFFN AGAINST FAMILY,43.047473223074974,-76.1474774344714,748
-8476707.42635038,5319200.73520718,2023/10/27 04:00:00+00,1500,1500,500 S  STATE ST     ,OFFN AGAINST FAMILY,43.047473223074974,-76.1474774344714,748
-8476707.42635038,5319200.73520718,2023/09/18 04:00:00+00,945,945,500 S  STATE ST     ,SIMPLE ASSAULT,43.047473223074974,-76.1474774344714,748
-8476707.42635038,5319200.73520718,2023/11/30 05:00:00+00,1100,1100,500 S  STATE ST     ,OFFN AGAINST FAMILY,43.047473223074974,-76.1474774344714,748
-8476707.42635038,5319200.73520718,2023/11/08 05:00:00+00,1400,1400,500 S  STATE ST     ,OFFN AGAINST FAMILY,43.047473223074974,-76.1474774344714,748
-8476707.42635038,5319200.73520718,2023/11/02 04:00:00+00,1000,1000,500 S  STATE ST     ,OFFN AGAINST FAMILY,43.047473223074974,-76.1474774344714,748
-8476707.42635038,5319200.73520718,2023/11/02 04:00:00+00,1330,1330,500 S  STATE ST     ,OFFN AGAINST FAMILY,43.047473223074974,-76.1474774344714,748
-8476707.42635038,5319200.73520718,2023/11/07 05:00:00+00,1500,1818,500 S  STATE ST     ,OFFN AGAINST FAMILY,43.047473223074974,-76.1474774344714,748
-8476707.42635038,5319200.73520718,2023/11/13 05:00:00+00,1600,1600,500 S  STATE ST     ,OFFN AGAINST FAMILY,43.047473223074974,-76.1474774344714,748
-8476707.42635038,5319200.73520718,2023/11/16 05:00:00+00,1140,1140,500 S  STATE ST     ,POSSESSION/USE DRUG,43.047473223074974,-76.1474774344714,748
-8476707.42635038,5319200.73520718,2023/12/03 05:00:00+00,1645,1645,500 S  STATE ST     ,OFFN AGAINST FAMILY,43.047473223074974,-76.1474774344714,748
-8476707.42635038,5319200.73520718,2023/12/07 05:00:00+00,1040,1040,500 S  STATE ST     ,OFFN AGAINST FAMILY,43.047473223074974,-76.1474774344714,748
-8476707.42635038,5319200.73520718,2023/12/09 05:00:00+00,2005,2005,500 S  STATE ST     ,POSSESSION/USE DRUG,43.047473223074974,-76.1474774344714,748
-8476707.42635038,5319200.73520718,2023/12/26 05:00:00+00,159,159,500 S  STATE ST     ,OFFN AGAINST FAMILY,43.047473223074974,-76.1474774344714,748
-8476707.42635038,5319200.73520718,2023/12/12 05:00:00+00,1600,1600,500 S  STATE ST     ,OFFN AGAINST FAMILY,43.047473223074974,-76.1474774344714,748
-8476707.42635038,5319200.73520718,2023/12/12 05:00:00+00,1800,1800,500 S  STATE ST     ,OFFN AGAINST FAMILY,43.047473223074974,-76.1474774344714,748
-8476707.42635038,5319200.73520718,2023/12/13 05:00:00+00,830,830,500 S  STATE ST     ,OFFN AGAINST FAMILY,43.047473223074974,-76.1474774344714,748
-8476707.42635038,5319200.73520718,2023/12/18 05:00:00+00,1230,1230,500 S  STATE ST     ,OFFN AGAINST FAMILY,43.047473223074974,-76.1474774344714,748
-8479620.05618786,5322321.931704,2024/01/12 05:00:00+00,2055,2055,1 DESTINY USA DR,MV THEFT,43.06779339999999,-76.1738371,1405
-8479620.05618786,5322321.931704,2024/01/23 05:00:00+00,1916,1916,1 DESTINY USA DR,LARCENY,43.06779339999999,-76.1738371,1405
-8479620.05618786,5322321.931704,2024/01/10 05:00:00+00,1516,1516,1 DESTINY USA DR,BURGLARY,43.06779339999999,-76.1738371,1405
-8479620.05618786,5322321.931704,2024/01/04 05:00:00+00,1916,1916,1 DESTINY USA DR,LARCENY,43.06779339999999,-76.1738371,1405
-8479620.05618786,5322321.931704,2024/02/01 05:00:00+00,1356,1356,1 DESTINY USA DR,LARCENY,43.06779339999999,-76.1738371,1405
-8479620.05618786,5322321.931704,2024/01/15 05:00:00+00,1413,1413,1 DESTINY USA DR,LARCENY,43.06779339999999,-76.1738371,1405
-8479620.05618786,5322321.931704,2024/01/24 05:00:00+00,1346,1346,1 DESTINY USA DR,LARCENY,43.06779339999999,-76.1738371,1405
-8479620.05618786,5322321.931704,2024/02/09 05:00:00+00,1800,1800,1 DESTINY USA DR,LARCENY,43.06779339999999,-76.1738371,1405
-8479620.05618786,5322321.931704,2024/02/01 05:00:00+00,1428,1428,1 DESTINY USA DR,LARCENY,43.06779339999999,-76.1738371,1405
-8479620.05618786,5322321.931704,2024/01/02 05:00:00+00,1826,1826,1 DESTINY USA DR,LARCENY,43.06779339999999,-76.1738371,1405
-8479620.05618786,5322321.931704,2024/02/01 05:00:00+00,1543,1543,1 DESTINY USA DR,LARCENY,43.06779339999999,-76.1738371,1405
-8479620.05618786,5322321.931704,2024/01/03 05:00:00+00,1429,1429,1 DESTINY USA DR,LARCENY,43.06779339999999,-76.1738371,1405
-8479620.05618786,5322321.931704,2024/01/03 05:00:00+00,1710,1710,1 DESTINY USA DR,LARCENY,43.06779339999999,-76.1738371,1405
-8479620.05618786,5322321.931704,2024/01/03 05:00:00+00,1545,1545,1 DESTINY USA DR,LARCENY,43.06779339999999,-76.1738371,1405
-8479620.05618786,5322321.931704,2024/01/29 05:00:00+00,1506,1506,1 DESTINY USA DR,LARCENY,43.06779339999999,-76.1738371,1405
-8479620.05618786,5322321.931704,2024/01/30 05:00:00+00,1534,1534,1 DESTINY USA DR,LARCENY,43.06779339999999,-76.1738371,1405
-8479620.05618786,5322321.931704,2024/01/23 05:00:00+00,1535,1535,1 DESTINY USA DR,LARCENY,43.06779339999999,-76.1738371,1405
-8479620.05618786,5322321.931704,2024/01/28 05:00:00+00,1805,1805,1 DESTINY USA DR,LARCENY,43.06779339999999,-76.1738371,1405
-8479620.05618786,5322321.931704,2024/01/30 05:00:00+00,1359,1359,1 DESTINY USA DR,LARCENY,43.06779339999999,-76.1738371,1405
-8479620.05618786,5322321.931704,2024/01/23 05:00:00+00,1349,1349,1 DESTINY USA DR,LARCENY,43.06779339999999,-76.1738371,1405
-8479620.05618786,5322321.931704,2024/01/27 05:00:00+00,1840,1840,1 DESTINY USA DR,LARCENY,43.06779339999999,-76.1738371,1405
-8479620.05618786,5322321.931704,2024/02/08 05:00:00+00,1209,1209,1 DESTINY USA DR,LARCENY,43.06779339999999,-76.1738371,1405
-8479620.05618786,5322321.931704,2024/01/07 05:00:00+00,1625,1625,1 DESTINY USA DR,LARCENY,43.06779339999999,-76.1738371,1405
-8479620.05618786,5322321.931704,2024/01/31 05:00:00+00,1745,1745,1 DESTINY USA DR,BURGLARY,43.06779339999999,-76.1738371,1405
-8479620.05618786,5322321.931704,2024/02/01 05:00:00+00,1342,1342,1 DESTINY USA DR,LARCENY,43.06779339999999,-76.1738371,1405
-8479620.05618786,5322321.931704,2024/01/26 05:00:00+00,1803,1803,1 DESTINY USA DR,LARCENY,43.06779339999999,-76.1738371,1405
-8479620.05618786,5322321.931704,2024/01/19 05:00:00+00,1343,1343,1 DESTINY USA DR,LARCENY,43.06779339999999,-76.1738371,1405
-8479620.05618786,5322321.931704,2024/01/31 05:00:00+00,1621,1621,1 DESTINY USA DR,LARCENY,43.06779339999999,-76.1738371,1405
-8479620.05618786,5322321.931704,2024/01/31 05:00:00+00,1543,1543,1 DESTINY USA DR,LARCENY,43.06779339999999,-76.1738371,1405
-8479620.05618786,5322321.931704,2024/01/18 05:00:00+00,1422,1422,1 DESTINY USA DR,LARCENY,43.06779339999999,-76.1738371,1405
-8479620.05618786,5322321.931704,2024/01/27 05:00:00+00,1829,1829,1 DESTINY USA DR,LARCENY,43.06779339999999,-76.1738371,1405
-8479620.05618786,5322321.931704,2024/02/05 05:00:00+00,1404,1404,1 DESTINY USA DR,LARCENY,43.06779339999999,-76.1738371,1405
-8479620.05618786,5322321.931704,2024/02/10 05:00:00+00,1718,1718,1 DESTINY USA DR,LARCENY,43.06779339999999,-76.1738371,1405
-8479620.05618786,5322321.931704,2024/02/06 05:00:00+00,1402,1402,1 DESTINY USA DR,LARCENY,43.06779339999999,-76.1738371,1405
-8479620.05618786,5322321.931704,2024/01/25 05:00:00+00,1748,1748,1 DESTINY USA DR,LARCENY,43.06779339999999,-76.1738371,1405
-8479620.05618786,5322321.931704,2024/01/21 05:00:00+00,41,41,1 DESTINY USA DR,SIMPLE ASSAULT,43.06779339999999,-76.1738371,1405
-8479620.05618786,5322321.931704,2024/01/03 05:00:00+00,1156,1156,1 DESTINY USA DR,OFFN AGAINST FAMILY,43.06779339999999,-76.1738371,1405
-8479620.05618786,5322321.931704,2024/01/14 05:00:00+00,826,826,1 DESTINY USA DR,OFFN AGAINST FAMILY,43.06779339999999,-76.1738371,1405
-8479620.05618786,5322321.931704,2024/01/07 05:00:00+00,1417,1417,1 DESTINY USA DR,OFFN AGAINST FAMILY,43.06779339999999,-76.1738371,1405
-8479620.05618786,5322321.931704,2024/01/14 05:00:00+00,1803,1803,1 DESTINY USA DR,SIMPLE ASSAULT,43.06779339999999,-76.1738371,1405
-8476707.42635038,5319200.73520718,2024/01/16 05:00:00+00,1529,1529,500 S  STATE ST     ,OFFN AGAINST FAMILY,43.047473223074974,-76.1474774344714,748
-8476707.42635038,5319200.73520718,2024/01/16 05:00:00+00,1529,1529,500 S  STATE ST     ,OFFN AGAINST FAMILY,43.047473223074974,-76.1474774344714,748
-8479620.05618786,5322321.931704,2024/01/18 05:00:00+00,1500,1500,1 DESTINY USA DR,OFFN AGAINST FAMILY,43.06779339999999,-76.1738371,1405
-8479620.05618786,5322321.931704,2024/01/19 05:00:00+00,921,921,1 DESTINY USA DR,OFFN AGAINST FAMILY,43.06779339999999,-76.1738371,1405
-8479620.05618786,5322321.931704,2024/01/08 05:00:00+00,1342,1342,1 DESTINY USA DR,SIMPLE ASSAULT,43.06779339999999,-76.1738371,1405
-8479620.05618786,5322321.931704,2024/02/04 05:00:00+00,1900,2215,1 DESTINY USA DR,CRIMINAL MISCHIEF,43.06779339999999,-76.1738371,1405
-8479620.05618786,5322321.931704,2024/02/14 05:00:00+00,1301,1301,1 DESTINY USA DR,POSSESSION/USE DRUG,43.06779339999999,-76.1738371,1405
-8476707.42635038,5319200.73520718,2024/01/23 05:00:00+00,1454,1454,500 S  STATE ST     ,OFFN AGAINST FAMILY,43.047473223074974,-76.1474774344714,748
-8476707.42635038,5319200.73520718,2024/02/08 05:00:00+00,1457,1457,500 S  STATE ST     ,OFFN AGAINST FAMILY,43.047473223074974,-76.1474774344714,748
-8476707.42635038,5319200.73520718,2024/01/23 05:00:00+00,1454,1454,500 S  STATE ST     ,OFFN AGAINST FAMILY,43.047473223074974,-76.1474774344714,748
-8479620.05618786,5322321.931704,2024/02/07 05:00:00+00,1500,1500,1 DESTINY USA DR,SIMPLE ASSAULT,43.06779339999999,-76.1738371,1405
-8479620.05618786,5322321.931704,2024/02/22 05:00:00+00,902,902,1 DESTINY USA DR,OFFN AGAINST FAMILY,43.06779339999999,-76.1738371,1405
-8479620.05618786,5322321.931704,2024/02/22 05:00:00+00,1405,1405,1 DESTINY USA DR,SIMPLE ASSAULT,43.06779339999999,-76.1738371,1405
-8479620.05618786,5322321.931704,2024/02/09 05:00:00+00,747,747,1 DESTINY USA DR,CRIMINAL MISCHIEF,43.06779339999999,-76.1738371,1405
-8479620.05618786,5322321.931704,2024/01/27 05:00:00+00,1359,1359,1 DESTINY USA DR,SIMPLE ASSAULT,43.06779339999999,-76.1738371,1405
-8476707.42635038,5319200.73520718,2024/01/12 05:00:00+00,1340,1340,500 S  STATE ST     ,SIMPLE ASSAULT,43.047473223074974,-76.1474774344714,748
-8479620.05618786,5322321.931704,2024/01/12 05:00:00+00,1900,2130,1 DESTINY USA DR,CRIMINAL MISCHIEF,43.06779339999999,-76.1738371,1405
